{
  "r2": 0.6254382675296286,
  "mae": 50670.48923565587,
  "rmse": 70059.19333924996,
  "cv_r2_mean": 0.6432846133282536,
  "cv_r2_std": 0.0200522297447311,
  "cv_rmse_mean": 68881.17625531893,
  "cv_rmse_std": 1988.1036723885318,
  "train_rows": 16512,
  "test_rows": 4128,
  "cv_folds": 5
}